Title,Links,Price
Acer Nitro 5 AN5...,/test-sites/e-commerce/allinone/product/300,$1140.62
Acer Aspire A315...,/test-sites/e-commerce/allinone/product/258,$379.94
Acer Spin 5,/test-sites/e-commerce/allinone/product/238,$564.98
Title,Links,Price
Asus ROG STRIX G...,/test-sites/e-commerce/allinone/product/242,$799.00
MSI GP62M 7RDX L...,/test-sites/e-commerce/allinone/product/304,$1149.00
Galaxy Note,/test-sites/e-commerce/allinone/product/210,$489.99
Title,Links,Price
HP 350 G1,/test-sites/e-commerce/allinone/product/235,$577.99
Galaxy Tab 3,/test-sites/e-commerce/allinone/product/209,$97.99
Lenovo V110-15IK...,/test-sites/e-commerce/allinone/product/275,$465.95
Title,Links,Price
ProBook,/test-sites/e-commerce/allinone/product/225,$739.99
Dell Latitude 52...,/test-sites/e-commerce/allinone/product/290,$1102.66
Acer Aspire ES1-...,/test-sites/e-commerce/allinone/product/266,$410.46
